﻿trial_number,options,desc
0,skip,"That was the last trial of the game part of the experiment. Before we proceed, please answer a couple of questions. For each question, you will see a slider bar. Please use your mouse/trackpad to click on the tick corresponding to the answer you would like to choose. After you have selected your option and a red circle appears on the slider, press the [space] bar on your keyboard to confirm your answer and move to the next question. YOU CANNOT MOVE BACKWARDS, so be sure of your answers. Now, please press the [space] bar on your keyboard to move to the first question."
1,Female^Male^Other^Prefer not to answer,What is your gender? (click on the slider to pick your answer; then press [space] to confirm and move onto the next one)
2,"1, Definitely Compters^2^3^4^5, Definitely Humans","While you were playing the game, to what extent did you believe with you were playing with humans vs. believe that was a lie and you were playing with computers?"
3,"Yes, clearly different^Yes, somewhat^Yes, but minimal^No, I didn't notice differnces",Did you feel like the players you were playing with had different strategies or did they all just seem similar?
4,Often distracted^Occasionally distracted^Rarely distracted^Never distracted,"During the experiment, how often was your attention consumed by things other than the experiment (e.g., social media, watching TV, conversations, etc.). We understand that these types of things happen, and your response to this question will have absolutely no impact on the credit you receive."
5,"1, Very Weak^2^3^4^5, Very Intense","Generally, how intense were your emotions during this games? (anger, happiness, sandess, disgust, etc.; 1 = ""Very Weak"", 5 = ""Very Intense"") "
6,"1, Very Negative^2^3^4^5, very positive","Generally, how was your mood in response to the games? (1 = ""Very Negative"", 5 = ""Very Positive"")"
7,"1, Not at all^2^3^4^5, Very much so","How much anger did you feel while playing the games? (1 = ""Not at all"", 5 = ""Very much so"") "
8,"1, Not at all^2^3^4^5, Very much so","How much excitement did you feel while playing the game? (1 = ""Not at all"", 5 = ""Very much so"") "
9,"1, Not at all^2^3^4^5, Very much so","How much frustration did you feel while playing the games? (1 = ""Not at all"", 5 = ""Very much so"") "
10,"1, Not at all^2^3^4^5, Very much so","How much satisfaction did you feel while playing the games? (1 = ""Not at all"", 5 = ""Very much so"") "
11,"1, Not at all^2^3^4^5, Very much so","How much anxiety did you feel while playing the games? (1 = ""Not at all"", 5 = ""Very much so"") "
12,Yes^Somwhat^With the general idea^No,Were you familiar with the games prior to the experiment?
13,"Yes, totally^medium^No, not at all",Have you ever been in an experiment where you made financancial decisions of this nature?
14,"1, very much so^2^3^4^5, not at all","How much did you care about avoiding the boring task at the end of the experiment? (1 = ""Very much so"", 5 = ""Not at all""; Lower values = caring more about avoiding the task)"
15,"1, very much so^2^3^4^5, Not at all","How much did you care about fairness during the experiment? (1 = ""Very much so"", 5 = ""Not at all""; Lower values = caring more about fairness)"
16,"1, Strongly believed^2^3^4^5, Didn't believe at all",To what extent did you believe that you would have done a boring task at the end of the experiment?
17,"1, Excessive^2^3^4^5, Insufficient","The instructions for the experiment were: 1 = ""repetitive and excessive"", 3 = ""just right"", 5 = ""insufficient and confusing""?"
18,"1, Too fast^2^3^4^5, Too slow","Do you feel that the timing requirements, how fast you needed to make your decision, were: 1 = ""Too fast"", 5 = ""Too slow""?"
19,"1, Not at all^2^3^4^5, Very much so","Do you feel that the instructions adequately prepared you for the experiment? (1 = ""Not at all"", 5 = ""Very much so"") "
20,"Yes, often^Yes, sometimes^No","During the experiment, did you ever feel confused regarding any mental math you were doing? (i.e., wondering whether amount you got back in the Investment Game was good or not?)"
