﻿trial_number,options,desc
introduction,skip,"That was the last trial of the game part of the experiment. Before we proceed, please answer some questions (this is not the boring task). 
For each question, you will see a slider bar. Please use your mouse/trackpad to click on the tick corresponding to the answer you would like to choose. After you have selected your option and a red circle appears on the slider, press the [space] bar on your keyboard to confirm your answer and move to the next question. You cannot move backwards, so be sure of your answers. 

There are around 35 questions. "
DBRF_1,Female^Male^Other^Prefer not to answer,Q1. What is your gender? (click on the slider to pick your answer; then press [space] to confirm and move onto the next one)
DBRF_2,"1, 
  Definitely Compters^2^3^4^5, 
Definitely Humans","Q2. While you were playing the game, to what extent did you believe with you were playing with humans vs. believe that you were playing with computers?"
DBRF_3,"Often 
 distracted^Occasionally 
 distracted^Rarely 
 distracted^Never 
 distracted","Q4. During the experiment, how often was your attention consumed by things other than the experiment (e.g., social media, watching TV, conversations, etc.). We understand that these types of things happen, and your response to this question will have absolutely no impact on the credit you receive."
DBRF_4,"1,  
Very Weak^2^3^4^5, 
Very Intense","Q5. Generally, how intense were your emotions during this games? (anger, happiness, sandess, disgust)"
DBRF_5,"1,  
Very Negative^2^3^4^5,  
Very Positive","Q6. Generally, how was your mood in response to the games?"
DBRF_6,"1,  
Not at all^2^3^4^5,  
Very much so",Q7. How much anger did you feel while playing the games? 
DBRF_7,"1,  
Not at all^2^3^4^5,  
Very much so",Q8. How much excitement did you feel while playing the game?
DBRF_8,"1,  
Not at all^2^3^4^5,  
Very much so",Q9. How much frustration did you feel while playing the games?
DBRF_9,"1,  
Not at all^2^3^4^5,  
Very much so",Q10. How much satisfaction did you feel while playing the games?
DBRF_10,"1,  
Not at all^2^3^4^5,  
Very much so",Q11. How much anxiety did you feel while playing the games?
DBRF_11,Yes^Somwhat^With the general idea^No,Q12. Were you familiar with the games prior to the experiment?
DBRF_12,"Yes, totally^medium^No, not at all",Q13. Have you ever been in an experiment where you made financial decisions of this nature?
DBRF_13,"1,  
very much so^2^3^4^5,  
not at all","Q14. How much did you care about avoiding the boring task at the end of the experiment? (1 = ""Very much so"", 5 = ""Not at all""; Lower values = caring more about avoiding the task)"
DBRF_14,"1,  
very much so^2^3^4^5, 
Not at all","Q15. How much did you care about fairness during the experiment? (1 = ""Very much so"", 5 = ""Not at all""; Lower values = caring more about fairness)"
DBRF_15,"1,  
Strongly believed^2^3^4^5,  
Didn't believe at all",Q16. To what extent did you believe that you would have done a boring task at the end of the experiment?
DBRF_16,"1, 
Excessive^2^3^4^5,  
Insufficient",Q17. The instructions for the experiment were:
DBRF_17,"1,  
 Too fast^2^3^4^5,  
 Too slow","Q18. Do you feel that the timing requirements, how fast you needed to make your decision, were:"
DBRF_18,"1,  
Not at all^2^3^4^5,  
Very much so",Q19. Do you feel that the Investment Game instructions adequately prepared you for the Investment Game trial?
DBRF_19,"Yes,  
often^Yes,  
sometimes^No","Q20. During the experiment, did you ever feel confused regarding any mental math you were doing?"
IES_1_AV,"0, 
Not at
all^1, 
A little
bit^2, 
Moderately^3, 
Quite a
bit^4, 
Extremely^Prefer 
not to
answer","Q21. Below is a list of difficulties people sometimes experience in response to stressful life events. Please read each item, and then indicate how distressing each difficulty has been for you DURING THE PAST SEVEN DAYS with respect to the COVID-19 pandemic. How much were you distressed or bothered by these difficulties? If helpful, please see a list of links to COVID-19 mental health resources within the consent document which will also be available for download following these questions.

I avoided letting myself get upset when I thought about it or was reminded of it."
IES_2_AV,"0, 
Not at
all^1, 
A little
bit^2, 
Moderately^3, 
Quite a
bit^4, 
Extremely^Prefer 
not to
answer","Q22. Below is a list of difficulties people sometimes experience in response to stressful life events. Please read each item, and then indicate how distressing each difficulty has been for you DURING THE PAST SEVEN DAYS with respect to the COVID-19 pandemic. How much were you distressed or bothered by these difficulties? If helpful, please see a list of links to COVID-19 mental health resources within the consent document which will also be available for download following these questions.

I felt as if it hadn’t happened or wasn’t real. "
IES_3_AV,"0, 
Not at
all^1, 
A little
bit^2, 
Moderately^3, 
Quite a
bit^4, 
Extremely^Prefer 
not to
answer","Q22. Below is a list of difficulties people sometimes experience in response to stressful life events. Please read each item, and then indicate how distressing each difficulty has been for you DURING THE PAST SEVEN DAYS with respect to the COVID-19 pandemic. How much were you distressed or bothered by these difficulties? If helpful, please see a list of links to COVID-19 mental health resources within the consent document which will also be available for download following these questions.

I stayed away from reminders of it. "
IES_4_HA,"0, 
Not at
all^1, 
A little
bit^2, 
Moderately^3, 
Quite a
bit^4, 
Extremely^Prefer 
not to
answer","Q23. Below is a list of difficulties people sometimes experience in response to stressful life events. Please read each item, and then indicate how distressing each difficulty has been for you DURING THE PAST SEVEN DAYS with respect to the COVID-19 pandemic. How much were you distressed or bothered by these difficulties? If helpful, please see a list of links to COVID-19 mental health resources within the consent document which will also be available for download following these questions.

I was jumpy and easily startled. "
IES_5_AV,"0, 
Not at
all^1, 
A little
bit^2, 
Moderately^3, 
Quite a
bit^4, 
Extremely^Prefer 
not to
answer","Q24. Below is a list of difficulties people sometimes experience in response to stressful life events. Please read each item, and then indicate how distressing each difficulty has been for you DURING THE PAST SEVEN DAYS with respect to the COVID-19 pandemic. How much were you distressed or bothered by these difficulties? If helpful, please see a list of links to COVID-19 mental health resources within the consent document which will also be available for download following these questions.

I tried not to talk about it."
IES_6_AV,"0, 
Not at
all^1, 
A little
bit^2, 
Moderately^3, 
Quite a
bit^4, 
Extremely^Prefer 
not to
answer","Q24. Below is a list of difficulties people sometimes experience in response to stressful life events. Please read each item, and then indicate how distressing each difficulty has been for you DURING THE PAST SEVEN DAYS with respect to the COVID-19 pandemic. How much were you distressed or bothered by these difficulties? If helpful, please see a list of links to COVID-19 mental health resources within the consent document which will also be available for download following these questions.

I tried not to think about it. "
IES_7_AV,"0, 
Not at
all^1, 
A little
bit^2, 
Moderately^3, 
Quite a
bit^4, 
Extremely^Prefer 
not to
answer","Q25. Below is a list of difficulties people sometimes experience in response to stressful life events. Please read each item, and then indicate how distressing each difficulty has been for you DURING THE PAST SEVEN DAYS with respect to the COVID-19 pandemic. How much were you distressed or bothered by these difficulties? If helpful, please see a list of links to COVID-19 mental health resources within the consent document which will also be available for download following these questions.

I was aware that I still had a lot of feelings about it, but I didn’t deal with them.  "
IES_8_AV,"0, 
Not at
all^1, 
A little
bit^2, 
Moderately^3, 
Quite a
bit^4, 
Extremely^Prefer 
not to
answer","Q26. Below is a list of difficulties people sometimes experience in response to stressful life events. Please read each item, and then indicate how distressing each difficulty has been for you DURING THE PAST SEVEN DAYS with respect to the COVID-19 pandemic. How much were you distressed or bothered by these difficulties? If helpful, please see a list of links to COVID-19 mental health resources within the consent document which will also be available for download following these questions.

My feelings about it were kind of numb. "
IES_9_HA,"0, 
Not at
all^1, 
A little
bit^2, 
Moderately^3, 
Quite a
bit^4, 
Extremely^Prefer 
not to
answer","Q27. Below is a list of difficulties people sometimes experience in response to stressful life events. Please read each item, and then indicate how distressing each difficulty has been for you DURING THE PAST SEVEN DAYS with respect to the COVID-19 pandemic. How much were you distressed or bothered by these difficulties? If helpful, please see a list of links to COVID-19 mental health resources within the consent document which will also be available for download following these questions.

I had trouble falling asleep. "
IES_10_AV,"0, 
Not at
all^1, 
A little
bit^2, 
Moderately^3, 
Quite a
bit^4, 
Extremely^Prefer 
not to
answer","Q28. Below is a list of difficulties people sometimes experience in response to stressful life events. Please read each item, and then indicate how distressing each difficulty has been for you DURING THE PAST SEVEN DAYS with respect to the COVID-19 pandemic. How much were you distressed or bothered by these difficulties? If helpful, please see a list of links to COVID-19 mental health resources within the consent document which will also be available for download following these questions.

I tried to remove it from my memory. "
IES_11_HA,"0, 
Not at
all^1, 
A little
bit^2, 
Moderately^3, 
Quite a
bit^4, 
Extremely^Prefer 
not to
answer","Q29. Below is a list of difficulties people sometimes experience in response to stressful life events. Please read each item, and then indicate how distressing each difficulty has been for you DURING THE PAST SEVEN DAYS with respect to the COVID-19 pandemic. How much were you distressed or bothered by these difficulties? If helpful, please see a list of links to COVID-19 mental health resources within the consent document which will also be available for download following these questions.

I had trouble concentrating. "
IES_12_HA,"0, 
Not at
all^1, 
A little
bit^2, 
Moderately^3, 
Quite a
bit^4, 
Extremely^Prefer 
not to
answer","Q30. Below is a list of difficulties people sometimes experience in response to stressful life events. Please read each item, and then indicate how distressing each difficulty has been for you DURING THE PAST SEVEN DAYS with respect to the COVID-19 pandemic. How much were you distressed or bothered by these difficulties? If helpful, please see a list of links to COVID-19 mental health resources within the consent document which will also be available for download following these questions.

Reminders of it caused me to have physical reactions, such as sweating, trouble breathing, nausea, or a pounding heart. "
IES_13_HA,"0, 
Not at
all^1, 
A little
bit^2, 
Moderately^3, 
Quite a
bit^4, 
Extremely^Prefer 
not to
answer","Q31. Below is a list of difficulties people sometimes experience in response to stressful life events. Please read each item, and then indicate how distressing each difficulty has been for you DURING THE PAST SEVEN DAYS with respect to the COVID-19 pandemic. How much were you distressed or bothered by these difficulties? If helpful, please see a list of links to COVID-19 mental health resources within the consent document which will also be available for download following these questions.

I felt watchful and on-guard. "
IES_14_AV,"0, 
Not at
all^1, 
A little
bit^2, 
Moderately^3, 
Quite a
bit^4, 
Extremely^Prefer 
not to
answer","Q32. Below is a list of difficulties people sometimes experience in response to stressful life events. Please read each item, and then indicate how distressing each difficulty has been for you DURING THE PAST SEVEN DAYS with respect to the COVID-19 pandemic. How much were you distressed or bothered by these difficulties? If helpful, please see a list of links to COVID-19 mental health resources within the consent document which will also be available for download following these questions.

I tried not to talk about it."
