﻿trial_number,options,desc
introduction,skip,"That was the last trial of the game part of the experiment. Before we proceed, please answer some questions (this is not the boring task). 
For each question, you will see a slider bar. Please use your mouse/trackpad to click on the tick corresponding to the answer you would like to choose. After you have selected your option and a red circle appears on the slider, press the [space] bar on your keyboard to confirm your answer and move to the next question. You cannot move backwards, so be sure of your answers. 

There are around 200 questions. Please try to spend around 5-15 seconds on each. Please press the [space] bar on your keyboard to move to the first question."
DBRF_1,Female^Male^Other^Prefer not to answer,Q1. What is your gender? (click on the slider to pick your answer; then press [space] to confirm and move onto the next one)
DBRF_2,"1, 
  Definitely Compters^2^3^4^5, 
Definitely Humans","Q2. While you were playing the game, to what extent did you believe with you were playing with humans vs. believe that you were playing with computers?"
DBRF_3,"Yes, 
clearly different^Yes, 
somewhat^Yes, 
but minimal^No, 
I didn't notice differnces",Q3. Did you feel like the players you were playing with had different strategies or did they all just seem similar?
DBRF_4,"Often 
 distracted^Occasionally 
 distracted^Rarely 
 distracted^Never 
 distracted","Q4. During the experiment, how often was your attention consumed by things other than the experiment (e.g., social media, watching TV, conversations, etc.). We understand that these types of things happen, and your response to this question will have absolutely no impact on the credit you receive."
DBRF_5,"1,  
Very Weak^2^3^4^5, 
Very Intense","Q5. Generally, how intense were your emotions during this games? (anger, happiness, sandess, disgust)"
DBRF_6,"1,  
Very Negative^2^3^4^5,  
Very Positive","Q6. Generally, how was your mood in response to the games?"
DBRF_7,"1,  
Not at all^2^3^4^5,  
Very much so",Q7. How much anger did you feel while playing the games? 
DBRF_8,"1,  
Not at all^2^3^4^5,  
Very much so",Q8. How much excitement did you feel while playing the game?
DBRF_9,"1,  
Not at all^2^3^4^5,  
Very much so",Q9. How much frustration did you feel while playing the games?
DBRF_10,"1,  
Not at all^2^3^4^5,  
Very much so",Q10. How much satisfaction did you feel while playing the games?
DBRF_11,"1,  
Not at all^2^3^4^5,  
Very much so",Q11. How much anxiety did you feel while playing the games?
DBRF_12,Yes^Somwhat^With the general idea^No,Q12. Were you familiar with the games prior to the experiment?
DBRF_13,"Yes, totally^medium^No, not at all",Q13. Have you ever been in an experiment where you made financial decisions of this nature?
DBRF_14,"1,  
very much so^2^3^4^5,  
not at all","Q14. How much did you care about avoiding the boring task at the end of the experiment? (1 = ""Very much so"", 5 = ""Not at all""; Lower values = caring more about avoiding the task)"
DBRF_15,"1,  
very much so^2^3^4^5, 
Not at all","Q15. How much did you care about fairness during the experiment? (1 = ""Very much so"", 5 = ""Not at all""; Lower values = caring more about fairness)"
DBRF_16,"1,  
Strongly believed^2^3^4^5,  
Didn't believe at all",Q16. To what extent did you believe that you would have done a boring task at the end of the experiment?
DBRF_17,"1, 
Excessive^2^3^4^5,  
Insufficient",Q17. The instructions for the experiment were:
DBRF_18,"1,  
 Too fast^2^3^4^5,  
 Too slow","Q18. Do you feel that the timing requirements, how fast you needed to make your decision, were:"
DBRF_19,"1,  
Not at all^2^3^4^5,  
Very much so",Q19. Do you feel that the Investment Game instructions adequately prepared you for the Investment Game trial?
DBRF_20,"Yes,  
often^Yes,  
sometimes^No","Q20. During the experiment, did you ever feel confused regarding any mental math you were doing?"
IES_1_AV,"0, 
Not at
all^1, 
A little
bit^2, 
Moderately^3, 
Quite a
bit^4, 
Extremely^Prefer 
not to
answer","Q21. Below is a list of difficulties people sometimes experience in response to stressful life events. Please read each item, and then indicate how distressing each difficulty has been for you DURING THE PAST SEVEN DAYS with respect to the COVID-19 pandemic. How much were you distressed or bothered by these difficulties? If helpful, please see a list of links to COVID-19 mental health resources within the consent document which will also be available for download following these questions.

I avoided letting myself get upset when I thought about it or was reminded of it."
IES_2_AV,"0, 
Not at
all^1, 
A little
bit^2, 
Moderately^3, 
Quite a
bit^4, 
Extremely^Prefer 
not to
answer","Q22. Below is a list of difficulties people sometimes experience in response to stressful life events. Please read each item, and then indicate how distressing each difficulty has been for you DURING THE PAST SEVEN DAYS with respect to the COVID-19 pandemic. How much were you distressed or bothered by these difficulties? If helpful, please see a list of links to COVID-19 mental health resources within the consent document which will also be available for download following these questions.

I felt as if it hadn’t happened or wasn’t real. "
IES_3_AV,"0, 
Not at
all^1, 
A little
bit^2, 
Moderately^3, 
Quite a
bit^4, 
Extremely^Prefer 
not to
answer","Q23. Below is a list of difficulties people sometimes experience in response to stressful life events. Please read each item, and then indicate how distressing each difficulty has been for you DURING THE PAST SEVEN DAYS with respect to the COVID-19 pandemic. How much were you distressed or bothered by these difficulties? If helpful, please see a list of links to COVID-19 mental health resources within the consent document which will also be available for download following these questions.

I stayed away from reminders of it. "
IES_4_HA,"0, 
Not at
all^1, 
A little
bit^2, 
Moderately^3, 
Quite a
bit^4, 
Extremely^Prefer 
not to
answer","Q24. Below is a list of difficulties people sometimes experience in response to stressful life events. Please read each item, and then indicate how distressing each difficulty has been for you DURING THE PAST SEVEN DAYS with respect to the COVID-19 pandemic. How much were you distressed or bothered by these difficulties? If helpful, please see a list of links to COVID-19 mental health resources within the consent document which will also be available for download following these questions.

I was jumpy and easily startled. "
IES_5_AV,"0, 
Not at
all^1, 
A little
bit^2, 
Moderately^3, 
Quite a
bit^4, 
Extremely^Prefer 
not to
answer","Q25. Below is a list of difficulties people sometimes experience in response to stressful life events. Please read each item, and then indicate how distressing each difficulty has been for you DURING THE PAST SEVEN DAYS with respect to the COVID-19 pandemic. How much were you distressed or bothered by these difficulties? If helpful, please see a list of links to COVID-19 mental health resources within the consent document which will also be available for download following these questions.

I tried not to talk about it."
IES_6_AV,"0, 
Not at
all^1, 
A little
bit^2, 
Moderately^3, 
Quite a
bit^4, 
Extremely^Prefer 
not to
answer","Q26. Below is a list of difficulties people sometimes experience in response to stressful life events. Please read each item, and then indicate how distressing each difficulty has been for you DURING THE PAST SEVEN DAYS with respect to the COVID-19 pandemic. How much were you distressed or bothered by these difficulties? If helpful, please see a list of links to COVID-19 mental health resources within the consent document which will also be available for download following these questions.

I tried not to think about it. "
IES_7_AV,"0, 
Not at
all^1, 
A little
bit^2, 
Moderately^3, 
Quite a
bit^4, 
Extremely^Prefer 
not to
answer","Q27. Below is a list of difficulties people sometimes experience in response to stressful life events. Please read each item, and then indicate how distressing each difficulty has been for you DURING THE PAST SEVEN DAYS with respect to the COVID-19 pandemic. How much were you distressed or bothered by these difficulties? If helpful, please see a list of links to COVID-19 mental health resources within the consent document which will also be available for download following these questions.

I was aware that I still had a lot of feelings about it, but I didn’t deal with them.  "
IES_8_AV,"0, 
Not at
all^1, 
A little
bit^2, 
Moderately^3, 
Quite a
bit^4, 
Extremely^Prefer 
not to
answer","Q28. Below is a list of difficulties people sometimes experience in response to stressful life events. Please read each item, and then indicate how distressing each difficulty has been for you DURING THE PAST SEVEN DAYS with respect to the COVID-19 pandemic. How much were you distressed or bothered by these difficulties? If helpful, please see a list of links to COVID-19 mental health resources within the consent document which will also be available for download following these questions.

My feelings about it were kind of numb. "
IES_9_HA,"0, 
Not at
all^1, 
A little
bit^2, 
Moderately^3, 
Quite a
bit^4, 
Extremely^Prefer 
not to
answer","Q29. Below is a list of difficulties people sometimes experience in response to stressful life events. Please read each item, and then indicate how distressing each difficulty has been for you DURING THE PAST SEVEN DAYS with respect to the COVID-19 pandemic. How much were you distressed or bothered by these difficulties? If helpful, please see a list of links to COVID-19 mental health resources within the consent document which will also be available for download following these questions.

I had trouble falling asleep. "
IES_10_AV,"0, 
Not at
all^1, 
A little
bit^2, 
Moderately^3, 
Quite a
bit^4, 
Extremely^Prefer 
not to
answer","Q30. Below is a list of difficulties people sometimes experience in response to stressful life events. Please read each item, and then indicate how distressing each difficulty has been for you DURING THE PAST SEVEN DAYS with respect to the COVID-19 pandemic. How much were you distressed or bothered by these difficulties? If helpful, please see a list of links to COVID-19 mental health resources within the consent document which will also be available for download following these questions.

I tried to remove it from my memory. "
IES_11_HA,"0, 
Not at
all^1, 
A little
bit^2, 
Moderately^3, 
Quite a
bit^4, 
Extremely^Prefer 
not to
answer","Q31. Below is a list of difficulties people sometimes experience in response to stressful life events. Please read each item, and then indicate how distressing each difficulty has been for you DURING THE PAST SEVEN DAYS with respect to the COVID-19 pandemic. How much were you distressed or bothered by these difficulties? If helpful, please see a list of links to COVID-19 mental health resources within the consent document which will also be available for download following these questions.

I had trouble concentrating. "
IES_12_HA,"0, 
Not at
all^1, 
A little
bit^2, 
Moderately^3, 
Quite a
bit^4, 
Extremely^Prefer 
not to
answer","Q32. Below is a list of difficulties people sometimes experience in response to stressful life events. Please read each item, and then indicate how distressing each difficulty has been for you DURING THE PAST SEVEN DAYS with respect to the COVID-19 pandemic. How much were you distressed or bothered by these difficulties? If helpful, please see a list of links to COVID-19 mental health resources within the consent document which will also be available for download following these questions.

Reminders of it caused me to have physical reactions, such as sweating, trouble breathing, nausea, or a pounding heart. "
IES_13_HA,"0, 
Not at
all^1, 
A little
bit^2, 
Moderately^3, 
Quite a
bit^4, 
Extremely^Prefer 
not to
answer","Q33. Below is a list of difficulties people sometimes experience in response to stressful life events. Please read each item, and then indicate how distressing each difficulty has been for you DURING THE PAST SEVEN DAYS with respect to the COVID-19 pandemic. How much were you distressed or bothered by these difficulties? If helpful, please see a list of links to COVID-19 mental health resources within the consent document which will also be available for download following these questions.

I felt watchful and on-guard. "
IES_14_AV,"0, 
Not at
all^1, 
A little
bit^2, 
Moderately^3, 
Quite a
bit^4, 
Extremely^Prefer 
not to
answer","Q34. Below is a list of difficulties people sometimes experience in response to stressful life events. Please read each item, and then indicate how distressing each difficulty has been for you DURING THE PAST SEVEN DAYS with respect to the COVID-19 pandemic. How much were you distressed or bothered by these difficulties? If helpful, please see a list of links to COVID-19 mental health resources within the consent document which will also be available for download following these questions.

I tried not to talk about it."
COVID_1,"A college
dorm^Apartment^House^Other^Prefer 
not to
answer",Q35. Where are you sheltering in place?
COVID_2,"Alone^With
friends^With
roommates^With
family^Other^Prefer 
not to
answer",Q36. Who are you sheltering in place with?
COVID_3,"0^1^2^3^4^5^6+^Prefer 
not to
answer",Q37. How many other people are currently staying in the same place as you?
COVID_4,"0^1^2^3^4^5^6+^Prefer 
not to
answer",Q38. How many of these are children?
COVID_5,"0^1^2^3^4^5^6+^Prefer 
not to
answer",Q39. How many of these are adults over the age of 60?
COVID_6,"I am not  
self-isolated/
quarantined  
to my house/
dorm/apartment^Less than
a week^1-2 weeks^2-4 weeks^More than
4 weeks^Prefer not
to answer",Q40. For how long have you been self-isolated/quarantined to your house/dorm/apartment in response to the COVID-19 outbreak?
COVID_7,"Yes, I tested
positive^Yes, I tested
negativeNo, I have not
been tested^Prefer not
to answer",Q41. Have you been tested for the COVID-19 virus? 
COVID_8,"Yes, I have/had 
experienced COVID-19
related symptoms^No, I have not
experienced COVID-19
related symptoms^Prefer not
to answer",Q42. Have you experienced symptoms that you think may be related to COVID-19?
COVID_9,"0^1^2^3^4^5^6+^Prefer 
not to
answer","Q43. How many people do you know personally who:

Very likely have/had COVOID-19?"
COVID_10,"0^1^2^3^4^5^6+^Prefer 
not to
answer","Q44. How many people do you know personally who:

Have been diagnosed with COVID-19?  "
COVID_11,"0^1^2^3^4^5^6+^Prefer 
not to
answer","Q45. How worried are you about:

Having COVID-19?"
COVID_12,"0^1^2^3^4^5^6+^Prefer 
not to
answer","Q46. How worried are you about:

Passing COVID-19 along to others? "
COVID_13,"0^1^2^3^4^5^6+^Prefer 
not to
answer","Q47. How worried are you about:

Getting COVID-19?"
COVID_14,"0^1^2^3^4^5^6+^Prefer 
not to
answer","Q48. How worried are you about:

Family members getting COVID-19?"
COVID_15,"0^1^2^3^4^5^6+^Prefer 
not to
answer","Q49. How worried are you about:

Close friends getting COVID-19?"
COVID_16,"0^1^2^3^4^5^6+^Prefer 
not to
answer","Q50. How concerned are you about:

Affording housing and utilities?"
COVID_17,"0^1^2^3^4^5^6+^Prefer 
not to
answer","Q51. How concerned are you about:

Affording tuition next school year?"
COVID_18,"0^1^2^3^4^5^6+^Prefer 
not to
answer","Q52. How concerned are you about:

Losing your current job?"
COVID_19,"0^1^2^3^4^5^6+^Prefer 
not to
answer","Q53. How concerned are you about:

Completing the semester/finals online?"
COVID_20,"0^1^2^3^4^5^6+^Prefer 
not to
answer","Q54. How concerned are you about:

Future travel plans? (if applicable) "
COVID_21,"0^1^2^3^4^5^6+^Prefer 
not to
answer","Q55. How concerned are you about:

Graduation? (if applicable)"
COVID_22,"0^1^2^3^4^5^6+^Prefer 
not to
answer","Q56. How concerned are you about:

Your own/family members’/friends’ self-care?"
COVID_23,"0^1^2^3^4^5^6+^Prefer 
not to
answer","Q57. How concerned are you about:

When the pandemic restrictions will be over? "
COVID_24,"0^1^2^3^4^5^6+^Prefer 
not to
answer","Q58. How concerned are you about:

When society will go back to normal functioning?"
COVID_25,"0^1^2^3^4^5^6+^Prefer 
not to
answer","Q59. How concerned are you about:

If society will go back to normal functioning? "
COVID_26,"0^1^2^3^4^5^6+^Prefer 
not to
answer",Q60. To what extent has your life been affected by the pandemic?
COVID_27,"0^1^2^3^4^5^6+^Prefer 
not to
answer","Q61. People have different reactions to COVID-19. Do you think that:

The citizens’ responses to the virus (social isolation, etc.) are exaggerated?"
COVID_28,"0^1^2^3^4^5^6+^Prefer 
not to
answer","Q62. People have different reactions to COVID-19. Do you think that:

The citizens’ responses to the virus (social isolation, etc.) are not serious enough?"
COVID_29,"0^1^2^3^4^5^6+^Prefer 
not to
answer","Q63. People have different reactions to COVID-19. Do you think that:

Citizens are responding appropriately? "
COVID_30,"0^1^2^3^4^5^6+^Prefer 
not to
answer","Q64. People respond differently to extreme situations/crises such as COVID-19. To what degree do you feel the following are applying to your current situation?

Feeling alone"
COVID_31,"0^1^2^3^4^5^6+^Prefer 
not to
answer","Q65. People respond differently to extreme situations/crises such as COVID-19. To what degree do you feel the following are applying to your current situation?

Feeling depressed"
COVID_32,"0^1^2^3^4^5^6+^Prefer 
not to
answer","Q66. People respond differently to extreme situations/crises such as COVID-19. To what degree do you feel the following are applying to your current situation?

Feeling afraid and anxious"
COVID_33,"0^1^2^3^4^5^6+^Prefer 
not to
answer","Q67. People respond differently to extreme situations/crises such as COVID-19. To what degree do you feel the following are applying to your current situation?

Feeling motivated"
COVID_34,"0^1^2^3^4^5^6+^Prefer 
not to
answer","Q68. People respond differently to extreme situations/crises such as COVID-19. To what degree do you feel the following are applying to your current situation?

Feeling supported by your university, professors, etc."
COVID_35,"0^1^2^3^4^5^6+^Prefer 
not to
answer","Q69. People respond differently to extreme situations/crises such as COVID-19. To what degree do you feel the following are applying to your current situation?

Talking or interacting with others (in person, by phone, on social media)"
COVID_36,"0^1^2^3^4^5^6+^Prefer 
not to
answer","Q70. People respond differently to extreme situations/crises such as COVID-19. To what degree do you feel the following are applying to your current situation?

Spending time outdoors"
SVO_prac,"A,  
You: 500
Other: 100^B 
You: 500
Other: 500^C 
You: 550
Other: 300","Q71. In this set of questions, we ask you to imagine that you have been randomly paired with another person, whom we will refer to simply as the “other.” Other is someone you do not know and that you will not meet in the future. Both you and Other will be making choices by circling either the letter A, B, or C. Your own choices will produce points for yourself and Other. Likewise, Other’s choice will produce points for him/her and for you. Every point has value: The more points you receive, the better for you, and the more points Other receives, the better for him/her.

Below, you can see a sample scale. In this example, if you chose A you would receive 500 points and Other would receive 100 points; if you chose B, you would receive 500 points and Other 500; and if you chose C, you would receive 550 points and Other 300. So, you see that your choice influences both the number of points you receive and the number of points the other receives."
SVO_1,"A,  
You: 480
Other: 80^B 
You: 540
Other: 280^C 
You: 480
Other: 480",Q72. Choose:
SVO_2,"A,  
You: 560
Other: 300^B 
You: 500
Other: 500^C 
You: 500
Other: 100",Q73. Choose:
SVO_3,"A,  
You: 520
Other: 520^B 
You: 520
Other: 120^C 
You: 580
Other: 320",Q74. Choose:
SVO_4,"A,  
You: 500
Other: 100^B 
You: 560
Other: 300^C 
You: 490
Other: 490",Q75. Choose:
SVO_5,"A,  
You: 560
Other: 300^B 
You: 500
Other: 500^C 
You: 490
Other: 90",Q76. Choose:
SVO_6,"A,  
You: 500
Other: 500^B 
You: 500
Other: 100^C 
You: 570
Other: 300",Q77. Choose:
SVO_7,"A,  
You: 510
Other: 510^B 
You: 560
Other: 200^C 
You: 510
Other: 110",Q78. Choose:
SVO_8,"A,  
You: 550
Other: 300^B 
You: 500
Other: 100^C 
You: 500
Other: 500",Q79. Choose:
SVO_9,"A,  
You: 480
Other: 100^B 
You: 490
Other: 490^C 
You: 540
Other: 300",Q80. Choose:
GSE_1,"1, not at all 
true^2, hardly
true^3, moderately
true^4, exactly
true","Q81. We will now pivot into some more standard questions. Please answer the extent to which the following are true:

I can always manage to solve difficult problems if I try hard enough."
GSE_2,"1, not at all 
true^2, hardly
true^3, moderately
true^4, exactly
true","Q82. If someone opposes me, I can find the means and ways to get what I want."
GSE_3,"1, not at all 
true^2, hardly
true^3, moderately
true^4, exactly
true",Q83. It is easy for me to stick to my aims and accomplish my goals.
GSE_4,"1, not at all 
true^2, hardly
true^3, moderately
true^4, exactly
true",Q84. I am confident that I could deal efficiently with unexpected events.
GSE_5,"1, not at all 
true^2, hardly
true^3, moderately
true^4, exactly
true","Q85. Thanks to my resourcefulness, I know how to handle unforeseen situations."
GSE_6,"1, not at all 
true^2, hardly
true^3, moderately
true^4, exactly
true",Q86. I can solve most problems if I invest the necessary effort.
GSE_7,"1, not at all 
true^2, hardly
true^3, moderately
true^4, exactly
true",Q87. I can remain calm when facing difficulties because I can rely on my coping abilities.
GSE_8,"1, not at all 
true^2, hardly
true^3, moderately
true^4, exactly
true","Q88. When I am confronted with a problem, I can usually find several solutions."
GSE_9,"1, not at all 
true^2, hardly
true^3, moderately
true^4, exactly
true","Q89. If I am in trouble, I can usually think of a solution."
GSE_10,"1, not at all 
true^2, hardly
true^3, moderately
true^4, exactly
true",Q90. I can usually handle whatever comes my way.
IRI_1_FS,"1,
Does not 
describe me^2^3^4^5, 
describes me
very well","Q91. Now try noting the extent to which the following statements describe you:

I daydream and fantasize, with some regularity, about things that might happen to me.                                                                                        "
IRI_2_EC,"1,
Does not 
describe me^2^3^4^5, 
describes me
very well","Q92. I often have tender, concerned feelings for people less fortunate than me."
IRI_3_PT,"1,
Does not 
describe me^2^3^4^5, 
describes me
very well","Q93. I sometimes find it difficult to see things from the ""other guy's"" point of view."
IRI_4_EC,"1,
Does not 
describe me^2^3^4^5, 
describes me
very well",Q94. Sometimes I don't feel very sorry for other people when they are having problems.
IRI_5_FS,"1,
Does not 
describe me^2^3^4^5, 
describes me
very well",Q95. I really get involved with the feelings of the characters in a novel.
IRI_6_PD,"1,
Does not 
describe me^2^3^4^5, 
describes me
very well","Q96. In emergency situations, I feel apprehensive and ill-at-ease."
IRI_7_FS,"1,
Does not 
describe me^2^3^4^5, 
describes me
very well","Q97. I am usually objective when I watch a movie or play, and I don't often get completely caught up in it."
IRI_8_PT,"1,
Does not 
describe me^2^3^4^5, 
describes me
very well",Q98. I try to look at everybody's side of a disagreement before I make a decision.
IRI_9_EC,"1,
Does not 
describe me^2^3^4^5, 
describes me
very well","Q99. When I see someone being taken advantage of, I feel kind of protective towards them."
IRI_10_PD,"1,
Does not 
describe me^2^3^4^5, 
describes me
very well",Q100. I sometimes feel helpless when I am in the middle of a very emotional situation.
IRI_11_PT,"1,
Does not 
describe me^2^3^4^5, 
describes me
very well",Q101. I sometimes try to understand my friends better by imagining how things look from their perspective.                                                                         
IRI_12_FS,"1,
Does not 
describe me^2^3^4^5, 
describes me
very well",Q102. Becoming extremely involved in a good book or movie is somewhat rare for me.
IRI_13_PD,"1,
Does not 
describe me^2^3^4^5, 
describes me
very well","Q103. When I see someone get hurt, I tend to remain calm."
IRI_14_EC,"1,
Does not 
describe me^2^3^4^5, 
describes me
very well",Q104. Other people's misfortunes do not usually disturb me a great deal.
IRI_15_PT,"1,
Does not 
describe me^2^3^4^5, 
describes me
very well","Q105. If I'm sure I'm right about something, I don't waste much time listening      to other people's arguments.                                            "
IRI_16_FS,"1,
Does not 
describe me^2^3^4^5, 
describes me
very well","Q106. After seeing a play or movie, I have felt as though I were one of the characters."
IRI_17_PD,"1,
Does not 
describe me^2^3^4^5, 
describes me
very well",Q107. Being in a tense emotional situation scares me.                                                  
IRI_18_EC,"1,
Does not 
describe me^2^3^4^5, 
describes me
very well","Q108. When I see someone being treated unfairly, I sometimes don't feel very much pity for them. "
IRI_19_PD,"1,
Does not 
describe me^2^3^4^5, 
describes me
very well",Q109. I am usually pretty effective in dealing with emergencies.
IRI_20_EC,"1,
Does not 
describe me^2^3^4^5, 
describes me
very well",Q110. I am often quite touched by things that I see happen.                                                         
IRI_21_PT,"1,
Does not 
describe me^2^3^4^5, 
describes me
very well",Q111. I believe that there are two sides to every question and try to look at them both.
IRI_22_EC,"1,
Does not 
describe me^2^3^4^5, 
describes me
very well",Q112. I would describe myself as a pretty soft-hearted person.
IRI_23_FS,"1,
Does not 
describe me^2^3^4^5, 
describes me
very well","Q113. When I watch a good movie, I can very easily put myself in the place of a leading character."
IRI_24_PD,"1,
Does not 
describe me^2^3^4^5, 
describes me
very well",Q114. I tend to lose control during emergencies.
IRI_25_PT,"1,
Does not 
describe me^2^3^4^5, 
describes me
very well","Q115. When I'm upset at someone, I usually try to ""put myself in his shoes"" for a while.                                                                                      "
IRI_26_FS,"1,
Does not 
describe me^2^3^4^5, 
describes me
very well","Q116. When I am reading an interesting story or novel, I imagine how I would feel if the events in the story were happening to me.                           "
IRI_27_PD,"1,
Does not 
describe me^2^3^4^5, 
describes me
very well","Q117. When I see someone who bad deeds help in an emergency, I go to pieces."
IRI_28_PT,"1,
Does not 
describe me^2^3^4^5, 
describes me
very well","Q118. Before criticizing somebody, I try to imagine how I would feel if I were in their place."
NEO_1_NEUR,"Strongly  
Agree^Agree^Neither Agree 
nor Disagree^Disagree^
Strongly
Disagree","Q119. Answer each of the questions in terms of how you USUALLY feel or act. 

I am not a worrier."
NEO_2_EXTRA,"Strongly  
Agree^Agree^Neither Agree 
nor Disagree^Disagree^
Strongly
Disagree","Q120. Answer each of the questions in terms of how you USUALLY feel or act. 

I like to have a lot of people around me."
NEO_3_OPEN,"Strongly  
Agree^Agree^Neither Agree 
nor Disagree^Disagree^
Strongly
Disagree","Q121. Answer each of the questions in terms of how you USUALLY feel or act. 

I do not like to waste my time daydreaming."
NEO_4_AGREE,"Strongly  
Agree^Agree^Neither Agree 
nor Disagree^Disagree^
Strongly
Disagree","Q122. Answer each of the questions in terms of how you USUALLY feel or act. 

I try to be courteous to everyone I meet."
NEO_5_CONSC,"Strongly  
Agree^Agree^Neither Agree 
nor Disagree^Disagree^
Strongly
Disagree","Q123. Answer each of the questions in terms of how you USUALLY feel or act. 

I keep my belongings clean and neat."
NEO_6_NEUR,"Strongly  
Agree^Agree^Neither Agree 
nor Disagree^Disagree^
Strongly
Disagree","Q124. Answer each of the questions in terms of how you USUALLY feel or act. 

I often feel inferior to others."
NEO_7_EXTRA,"Strongly  
Agree^Agree^Neither Agree 
nor Disagree^Disagree^
Strongly
Disagree","Q125. Answer each of the questions in terms of how you USUALLY feel or act. 

I laugh easily."
NEO_8_OPEN,"Strongly  
Agree^Agree^Neither Agree 
nor Disagree^Disagree^
Strongly
Disagree","Q126. Answer each of the questions in terms of how you USUALLY feel or act. 

Once I find the right way to do something, I stick to it."
NEO_9_AGREE,"Strongly  
Agree^Agree^Neither Agree 
nor Disagree^Disagree^
Strongly
Disagree","Q127. Answer each of the questions in terms of how you USUALLY feel or act. 

I often get into arguments with my family and co-workers."
NEO_10_CONSC,"Strongly  
Agree^Agree^Neither Agree 
nor Disagree^Disagree^
Strongly
Disagree","Q128. Answer each of the questions in terms of how you USUALLY feel or act. 

I am pretty good about pacing myself so as to get things done on time."
NEO_11_NEUR,"Strongly  
Agree^Agree^Neither Agree 
nor Disagree^Disagree^
Strongly
Disagree","Q129. Answer each of the questions in terms of how you USUALLY feel or act. 

When I am under a great deal of stress, sometimes I feel like I am going to pieces."
NEO_12_EXTRA,"Strongly  
Agree^Agree^Neither Agree 
nor Disagree^Disagree^
Strongly
Disagree","Q130. Answer each of the questions in terms of how you USUALLY feel or act. 

I do not consider myself especially ""light-hearted."
NEO_13_OPEN,"Strongly  
Agree^Agree^Neither Agree 
nor Disagree^Disagree^
Strongly
Disagree","Q131. Answer each of the questions in terms of how you USUALLY feel or act. 

I am intrigued by the patterns I find in art and nature."
NEO_14_AGREE,"Strongly  
Agree^Agree^Neither Agree 
nor Disagree^Disagree^
Strongly
Disagree","Q132. Answer each of the questions in terms of how you USUALLY feel or act. 

Some people think I am selfish and egotistical."
NEO_15_CONSC,"Strongly  
Agree^Agree^Neither Agree 
nor Disagree^Disagree^
Strongly
Disagree","Q133. Answer each of the questions in terms of how you USUALLY feel or act. 

I am not a very methodical person."
NEO_16_NEUR,"Strongly  
Agree^Agree^Neither Agree 
nor Disagree^Disagree^
Strongly
Disagree","Q134. Answer each of the questions in terms of how you USUALLY feel or act. 

I rarely feel lonely or blue."
NEO_17_EXTRA,"Strongly  
Agree^Agree^Neither Agree 
nor Disagree^Disagree^
Strongly
Disagree","Q135. Answer each of the questions in terms of how you USUALLY feel or act. 

I really enjoy talking to people."
NEO_18_OPEN,"Strongly  
Agree^Agree^Neither Agree 
nor Disagree^Disagree^
Strongly
Disagree","Q136. Answer each of the questions in terms of how you USUALLY feel or act. 

I believe letting students hear controversial speakers "
NEO_19_AGREE,"Strongly  
Agree^Agree^Neither Agree 
nor Disagree^Disagree^
Strongly
Disagree","Q137. Answer each of the questions in terms of how you USUALLY feel or act. 

I would rather cooperate with others than compete with them."
NEO_20_CONSC,"Strongly  
Agree^Agree^Neither Agree 
nor Disagree^Disagree^
Strongly
Disagree","Q138. Answer each of the questions in terms of how you USUALLY feel or act. 

I try to perform all the tasks assigned to me conscientiously."
NEO_21_NEUR,"Strongly  
Agree^Agree^Neither Agree 
nor Disagree^Disagree^
Strongly
Disagree","Q139. Answer each of the questions in terms of how you USUALLY feel or act. 

I often feel tense and jittery."
NEO_22_EXTRA,"Strongly  
Agree^Agree^Neither Agree 
nor Disagree^Disagree^
Strongly
Disagree","Q140. Answer each of the questions in terms of how you USUALLY feel or act. 

I like to be where the action is."
NEO_23_OPEN,"Strongly  
Agree^Agree^Neither Agree 
nor Disagree^Disagree^
Strongly
Disagree","Q141. Answer each of the questions in terms of how you USUALLY feel or act. 

Poetry has little or no effect on me."
NEO_24_AGREE,"Strongly  
Agree^Agree^Neither Agree 
nor Disagree^Disagree^
Strongly
Disagree","Q142. Answer each of the questions in terms of how you USUALLY feel or act. 

I tend to be cynical and skeptical of the intentions of others."
NEO_25_CONSC,"Strongly  
Agree^Agree^Neither Agree 
nor Disagree^Disagree^
Strongly
Disagree","Q143. Answer each of the questions in terms of how you USUALLY feel or act. 

I have a clear set of goals and work toward them in an orderly fashion."
NEO_26_NEUR,"Strongly  
Agree^Agree^Neither Agree 
nor Disagree^Disagree^
Strongly
Disagree","Q144. Answer each of the questions in terms of how you USUALLY feel or act. 

Sometimes I feel completely worthless."
NEO_27_EXTRA,"Strongly  
Agree^Agree^Neither Agree 
nor Disagree^Disagree^
Strongly
Disagree","Q145. Answer each of the questions in terms of how you USUALLY feel or act. 

I usually prefer to do things alone."
NEO_28_OPEN,"Strongly  
Agree^Agree^Neither Agree 
nor Disagree^Disagree^
Strongly
Disagree","Q146. Answer each of the questions in terms of how you USUALLY feel or act. 

I often try new and foreign foods."
NEO_29_AGREE,"Strongly  
Agree^Agree^Neither Agree 
nor Disagree^Disagree^
Strongly
Disagree","Q147. Answer each of the questions in terms of how you USUALLY feel or act. 

I believe that most people will take advantage of you if you let them."
NEO_30_CONSC,"Strongly  
Agree^Agree^Neither Agree 
nor Disagree^Disagree^
Strongly
Disagree","Q148. Answer each of the questions in terms of how you USUALLY feel or act. 

I waste a lot of time before settling down to work."
NEO_31_NEUR,"Strongly  
Agree^Agree^Neither Agree 
nor Disagree^Disagree^
Strongly
Disagree","Q149. Answer each of the questions in terms of how you USUALLY feel or act. 

I rarely feel fearful or anxious."
NEO_32_EXTRA,"Strongly  
Agree^Agree^Neither Agree 
nor Disagree^Disagree^
Strongly
Disagree","Q150. Answer each of the questions in terms of how you USUALLY feel or act. 

I often feel as if I am bursting with energy."
NEO_33_OPEN,"Strongly  
Agree^Agree^Neither Agree 
nor Disagree^Disagree^
Strongly
Disagree","Q151. Answer each of the questions in terms of how you USUALLY feel or act. 

I seldom notice the moods or feelings that different environments produce."
NEO_34_AGREE,"Strongly  
Agree^Agree^Neither Agree 
nor Disagree^Disagree^
Strongly
Disagree","Q152. Answer each of the questions in terms of how you USUALLY feel or act. 

Most people I know like me."
NEO_35_CONSC,"Strongly  
Agree^Agree^Neither Agree 
nor Disagree^Disagree^
Strongly
Disagree","Q153. Answer each of the questions in terms of how you USUALLY feel or act. 

I work hard to accomplish my goals."
NEO_36_NEUR,"Strongly  
Agree^Agree^Neither Agree 
nor Disagree^Disagree^
Strongly
Disagree","Q154. Answer each of the questions in terms of how you USUALLY feel or act. 

I often get angry at the way people treat me."
NEO_37_EXTRA,"Strongly  
Agree^Agree^Neither Agree 
nor Disagree^Disagree^
Strongly
Disagree","Q155. Answer each of the questions in terms of how you USUALLY feel or act. 

I am a cheerful, high-spirited person."
NEO_38_OPEN,"Strongly  
Agree^Agree^Neither Agree 
nor Disagree^Disagree^
Strongly
Disagree","Q156. Answer each of the questions in terms of how you USUALLY feel or act. 

I believe we should look to our religious authorities for decisions on moral issues."
NEO_39_AGREE,"Strongly  
Agree^Agree^Neither Agree 
nor Disagree^Disagree^
Strongly
Disagree","Q157. Answer each of the questions in terms of how you USUALLY feel or act. 

Some people think of me as cold and calculating."
NEO_40_CONSC,"Strongly  
Agree^Agree^Neither Agree 
nor Disagree^Disagree^
Strongly
Disagree","Q158. Answer each of the questions in terms of how you USUALLY feel or act. 

When I make a commitment, I can always be counted on to follow through."
NEO_41_NEUR,"Strongly  
Agree^Agree^Neither Agree 
nor Disagree^Disagree^
Strongly
Disagree","Q159. Answer each of the questions in terms of how you USUALLY feel or act. 

Too often, when things go wrong, I get discouraged and feel like giving up."
NEO_42_EXTRA,"Strongly  
Agree^Agree^Neither Agree 
nor Disagree^Disagree^
Strongly
Disagree","Q160. Answer each of the questions in terms of how you USUALLY feel or act. 

I am not a cheerful optimist."
NEO_43_OPEN,"Strongly  
Agree^Agree^Neither Agree 
nor Disagree^Disagree^
Strongly
Disagree","Q161. Answer each of the questions in terms of how you USUALLY feel or act. 

Sometimes when I am reading poetry or looking at a work of art, "
NEO_44_AGREE,"Strongly  
Agree^Agree^Neither Agree 
nor Disagree^Disagree^
Strongly
Disagree","Q162. Answer each of the questions in terms of how you USUALLY feel or act. 

I am hard-headed and tough-minded in my attitudes."
NEO_45_CONSC,"Strongly  
Agree^Agree^Neither Agree 
nor Disagree^Disagree^
Strongly
Disagree","Q163. Answer each of the questions in terms of how you USUALLY feel or act. 

Sometimes I am not as dependable or reliable as I should be."
NEO_46_NEUR,"Strongly  
Agree^Agree^Neither Agree 
nor Disagree^Disagree^
Strongly
Disagree","Q164. Answer each of the questions in terms of how you USUALLY feel or act. 

I am seldom sad or depressed."
NEO_47_EXTRA,"Strongly  
Agree^Agree^Neither Agree 
nor Disagree^Disagree^
Strongly
Disagree","Q165. Answer each of the questions in terms of how you USUALLY feel or act. 

My life is fast-paced."
NEO_48_OPEN,"Strongly  
Agree^Agree^Neither Agree 
nor Disagree^Disagree^
Strongly
Disagree","Q166. Answer each of the questions in terms of how you USUALLY feel or act. 

I have little interest in speculating on the nature of the "
NEO_49_AGREE,"Strongly  
Agree^Agree^Neither Agree 
nor Disagree^Disagree^
Strongly
Disagree","Q167. Answer each of the questions in terms of how you USUALLY feel or act. 

I generally try to be thoughtful and considerate."
NEO_50_CONSC,"Strongly  
Agree^Agree^Neither Agree 
nor Disagree^Disagree^
Strongly
Disagree","Q168. Answer each of the questions in terms of how you USUALLY feel or act. 

I am a productive person who always gets the job done."
NEO_51_NEUR,"Strongly  
Agree^Agree^Neither Agree 
nor Disagree^Disagree^
Strongly
Disagree","Q169. Answer each of the questions in terms of how you USUALLY feel or act. 

I often feel helpless and want someone else to solve my problems."
NEO_52_EXTRA,"Strongly  
Agree^Agree^Neither Agree 
nor Disagree^Disagree^
Strongly
Disagree","Q170. Answer each of the questions in terms of how you USUALLY feel or act. 

I am a very active person."
NEO_53_OPEN,"Strongly  
Agree^Agree^Neither Agree 
nor Disagree^Disagree^
Strongly
Disagree","Q171. Answer each of the questions in terms of how you USUALLY feel or act. 

I have a lot of intellectual curiosity."
NEO_54_AGREE,"Strongly  
Agree^Agree^Neither Agree 
nor Disagree^Disagree^
Strongly
Disagree","Q172. Answer each of the questions in terms of how you USUALLY feel or act. 

If I do not like people, I let them know it."
NEO_55_CONSC,"Strongly  
Agree^Agree^Neither Agree 
nor Disagree^Disagree^
Strongly
Disagree","Q173. Answer each of the questions in terms of how you USUALLY feel or act. 

I never seem to be able to get organized."
NEO_56_NEUR,"Strongly  
Agree^Agree^Neither Agree 
nor Disagree^Disagree^
Strongly
Disagree","Q174. Answer each of the questions in terms of how you USUALLY feel or act. 

At times I have been so ashamed I just wanted to hide."
NEO_57_EXTRA,"Strongly  
Agree^Agree^Neither Agree 
nor Disagree^Disagree^
Strongly
Disagree","Q175. Answer each of the questions in terms of how you USUALLY feel or act. 

I would rather go my own way than be a leader of others."
NEO_58_OPEN,"Strongly  
Agree^Agree^Neither Agree 
nor Disagree^Disagree^
Strongly
Disagree","Q176. Answer each of the questions in terms of how you USUALLY feel or act. 

I often enjoy playing with theories or abstract ideas."
NEO_59_AGREE,"Strongly  
Agree^Agree^Neither Agree 
nor Disagree^Disagree^
Strongly
Disagree","Q177. Answer each of the questions in terms of how you USUALLY feel or act. 

If necessary, I am willing to manipulate people to get what I want."
NEO_60_CONSC,"Strongly  
Agree^Agree^Neither Agree 
nor Disagree^Disagree^
Strongly
Disagree","Q178. Answer each of the questions in terms of how you USUALLY feel or act. 

I strive for excellence in everything I do."
PANAS_1,"Very
slightly or
not at all^
A little^Moderately^Quite a bit^Extremely","Q179. Inidicate the extent you have felt this way over the past week.

Interested"
PANAS_2,"Very
slightly or
not at all^
A little^Moderately^Quite a bit^Extremely","Q180. Inidicate the extent you have felt this way over the past week.

Distressed"
PANAS_3,"Very
slightly or
not at all^
A little^Moderately^Quite a bit^Extremely","Q181. Inidicate the extent you have felt this way over the past week.

Excited"
PANAS_4,"Very
slightly or
not at all^
A little^Moderately^Quite a bit^Extremely","Q182. Inidicate the extent you have felt this way over the past week.

Upset"
PANAS_5,"Very
slightly or
not at all^
A little^Moderately^Quite a bit^Extremely","Q183. Inidicate the extent you have felt this way over the past week.

Strong"
PANAS_6,"Very
slightly or
not at all^
A little^Moderately^Quite a bit^Extremely","Q184. Inidicate the extent you have felt this way over the past week.

Guilty"
PANAS_7,"Very
slightly or
not at all^
A little^Moderately^Quite a bit^Extremely","Q185. Inidicate the extent you have felt this way over the past week.

Scared"
PANAS_8,"Very
slightly or
not at all^
A little^Moderately^Quite a bit^Extremely","Q186. Inidicate the extent you have felt this way over the past week.

Hostile"
PANAS_9,"Very
slightly or
not at all^
A little^Moderately^Quite a bit^Extremely","Q187. Inidicate the extent you have felt this way over the past week.

Enthusiastic"
PANAS_10,"Very
slightly or
not at all^
A little^Moderately^Quite a bit^Extremely","Q188. Inidicate the extent you have felt this way over the past week.

Proud"
PANAS_11,"Very
slightly or
not at all^
A little^Moderately^Quite a bit^Extremely","Q189. Inidicate the extent you have felt this way over the past week.

Irritable"
PANAS_12,"Very
slightly or
not at all^
A little^Moderately^Quite a bit^Extremely","Q190. Inidicate the extent you have felt this way over the past week.

Alert"
PANAS_13,"Very
slightly or
not at all^
A little^Moderately^Quite a bit^Extremely","Q191. Inidicate the extent you have felt this way over the past week.

Ashamed"
PANAS_14,"Very
slightly or
not at all^
A little^Moderately^Quite a bit^Extremely","Q192. Inidicate the extent you have felt this way over the past week.

Inspired"
PANAS_15,"Very
slightly or
not at all^
A little^Moderately^Quite a bit^Extremely","Q193. Inidicate the extent you have felt this way over the past week.

Nervous"
PANAS_16,"Very
slightly or
not at all^
A little^Moderately^Quite a bit^Extremely","Q194. Inidicate the extent you have felt this way over the past week.

Deteremined"
PANAS_17,"Very
slightly or
not at all^
A little^Moderately^Quite a bit^Extremely","Q195. Inidicate the extent you have felt this way over the past week.

Attentive"
PANAS_18,"Very
slightly or
not at all^
A little^Moderately^Quite a bit^Extremely","Q196. Inidicate the extent you have felt this way over the past week.

Jittery"
PANAS_19,"Very
slightly or
not at all^
A little^Moderately^Quite a bit^Extremely","Q197. Inidicate the extent you have felt this way over the past week.

Active"
PANAS_20,"Very
slightly or
not at all^
A little^Moderately^Quite a bit^Extremely","Q198. Inidicate the extent you have felt this way over the past week.

Afraid"
